1,3019,2415,1811,7849,4226
2,1207,603,604,1208,4226
3,1207,604,1208,1812,2415
4,1208,603,1207,2415,2415
5,1811,1811,1811,3622,4830
6,3019,1207,2415,3622,13283
7,3019,2415,2415,4830,6641
8,3622,2415,3019,4226,13282
9,3622,1811,3019,4830,8452
10,4226,2415,3622,4830,9660
11,6641,3018,4830,6642,12679
12,7245,4226,5434,7245,33810
13,6642,2415,5434,6037,12075
14,6641,4226,6037,7848,15697
15,12679,4830,7848,5433,10264
16,10867,4226,6641,8452,37432
17,11471,4830,7849,8452,45281
18,24149,4830,12075,9660,16905
19,13886,6037,10264,10868,28376
20,16301,5434,10868,15697,20528
21,14490,17508,78487,7849,13282
22,16301,14490,10867,10263,21735
23,24753,7245,13886,10867,93581
24,17509,7245,24150,11471,14490
25,15093,7849,12679,17509,6641
26,30791,9056,17508,13283,6641
27,28980,12075,17509,15697,7245
28,22943,10264,12678,21131,17509
29,34413,12075,24754,16301,7245
30,30188,12679,20527,20527,6038
31,35017,10264,21735,4227,12678
32,31998,19320,26565,4227,6641
33,42263,17509,31999,6037,13886
34,46488,19319,29584,6037,9660
35,46489,15698,30791,4226,6037
36,50110,19320,29583,10264,16301
37,49507,18716,32602,5434,9660
38,56148,23546,36828,6037,9056
39,57960,18716,39847,5434,13282
40,62790,23546,38640,5434,10263
41,60375,20528,37432,6037,9659
42,65205,28980,39244,5434,13283
43,74261,30791,42263,6037,13886
44,71243,26565,35018,6038,9660
45,70639,33810,42262,6037,14490
46,84524,26565,45884,6038,30187
47,221575,26564,49507,6641,15698
48,77280,29584,45885,6641,11471
49,89958,27772,44073,4830,10867
50,82109,39243,51319,5434,13887
51,82713,36225,53130,5434,56148
52,103844,33206,53733,6037,18717
53,101429,45885,61582,8452,19320
54,109279,50715,63394,8453,35017
55,111090,46488,68223,6641,21735
56,111693,39244,54941,8452,12678
57,111090,38640,57356,9056,14490
58,109882,39243,58564,7849,18112
59,113504,39848,65809,7245,33206
60,193803,35621,49507,6641,15698
61,406321,48904,76072,9057,17509
62,147918,50715,79090,13282,20527
63,172067,33810,58563,7245,14490
64,149729,50111,110485,13283,19924
65,287383,58563,82110,9660,21735
66,166031,53734,114712,9660,25357
67,169652,56752,118938,33206,16301
68,173879,61583,115919,9056,16905
69,190180,141880,89354,8452,20527
70,717251,77883,95392,10868,27772
71,440735,62186,87543,13283,59771
72,86940,61582,107467,10867,40451
73,103845,74261,173879,9660,16905
74,38640,42262,51318,10264,46488
75,38036,68224,31998,11471,18113
76,35621,79091,33810,11471,11471
77,48300,70035,29583,10264,11471
78,37433,77883,35017,10264,16301
79,44677,85732,31395,10264,17508
80,38640,85732,32603,11472,19320
81,41055,85732,36225,11471,18112
82,48300,97203,29583,12679,13886
83,49507,99618,35621,12679,18716
84,222179,176294,35621,33206,18113
85,237273,172068,30187,13282,18113
86,236669,176294,38036,12679,14490
87,51922,99618,34413,13886,21735
88,152748,126787,45885,12678,19924
89,204670,77279,38639,14490,19923
90,1626494,39847,43470,14490,20527
91,542768,15697,23546,12679,22339
92,251159,125579,39244,14490,18716
93,268063,25961,35621,13282,18112
94,236669,27168,131013,15698,19924
95,481186,28979,42866,15697,19923
96,252366,114108,45885,13282,19924
97,166030,25961,45885,15093,18716
98,59771,26564,43470,14490,21131
99,195010,28376,43470,16301,21735
100,65808,27773,45884,16301,19923
101,172067,28980,48904,18113,21735
102,69431,38640,49507,13886,18716
103,172672,30791,48904,15698,24150
104,780040,22338,139465,16301,23546
105,525863,32602,52526,22339,23547
106,247536,31395,141277,16301,21734
107,453414,28980,53130,16301,21735
108,249951,120146,54337,15094,22339
109,468507,16905,30187,11471,13283
110,349569,28980,50111,16905,21735
111,432283,57960,57356,20527,23547
112,252366,121957,92977,12679,17508
113,450998,39847,60978,18112,23546
114,244517,114712,54337,19320,24150
115,452206,19319,34414,13886,18113
116,167841,39847,57960,16301,22942
117,284968,21734,36224,12679,16301
118,378549,39848,63997,18717,25357
119,428660,36828,66412,29584,25358
120,448583,23546,35017,9056,16905
121,353795,50111,67016,11471,27772
122,824717,40451,54941,12075,29583
123,650839,47092,234254,11471,71846
124,253574,40451,118334,11471,23546
125,382171,35017,99014,9056,21131
126,427452,42866,123768,11471,22942
127,475149,47696,104448,11471,23546
128,536730,40451,200444,21132,54337
129,194406,42866,129806,12075,25358
130,514392,51319,139465,12075,24150
131,478167,28376,80902,9056,15094
132,480582,124372,145503,12679,27772
133,470922,44677,137051,12075,27169
134,490242,73657,15094,9660,19924
135,471526,51318,22942,12075,28980
136,312137,109882,23547,12075,28980
137,673178,51922,22338,14490,30791
138,39244,6641,19923,13282,27169
139,44073,8452,21131,18112,48300
140,81506,227009,21735,19320,35621
141,44677,7848,22339,13283,28376
142,46489,8453,24754,12678,29584
143,44074,9056,22339,12679,28376
144,37432,5434,16905,9660,17508
145,36225,5434,15697,9660,18716
146,38036,5434,16301,9660,19320
147,36225,5433,16301,12678,27169
148,47092,7849,24150,12075,32602
149,50111,7849,26564,13283,34414
150,50715,8453,25961,13283,33809
151,48300,9056,25961,13886,30187
152,53733,9660,28376,18716,27168
153,51318,9056,27772,18716,29584
154,52526,8453,29584,18716,28980
155,53130,9660,27772,13282,34413
156,56149,10264,28376,18716,29583
157,56752,10264,28980,18717,26565
158,48903,8452,25357,18113,29584
159,43470,6037,18716,10868,20527
160,42262,6641,19320,10264,20527
161,46488,6641,19320,10868,19923
162,44678,6038,19319,11472,18716
163,54941,9660,30188,15094,35017
164,58563,10263,31395,18716,33206
165,48904,7245,18716,11472,22942
166,46488,6641,20527,12075,25358
167,50715,8452,24754,13886,25961
168,47696,7245,20527,10867,22339
169,53733,86940,28979,17508,24150
170,60375,10867,32602,14490,33206
171,54338,9660,24150,20527,29584
172,61582,10263,32602,15697,28376
173,59771,10867,33809,15094,22339
174,51318,7245,21131,11471,28980
175,53130,8453,21735,12075,25357
176,51318,6641,22942,12075,25357
177,53130,7245,22943,12075,25961
178,53734,7849,22943,12075,25357
179,51922,6641,22942,12075,27772
180,56752,7245,22942,12679,25357
181,57356,7848,22943,12679,27168
182,56149,7245,23546,12679,27168
183,57959,7849,23547,12679,36829
184,55545,7849,23547,11472,31395
185,57356,8453,24149,12075,22943
186,56149,9056,24753,16301,22942
187,59167,9056,24149,16905,22338
188,56752,8452,23546,12679,29584
189,55544,7849,24149,12679,24150
190,59168,8453,24150,16905,21735
191,61582,8453,25358,17509,24150
192,60374,9056,25357,16905,23546
193,81505,15093,36224,18716,35622
194,80902,12075,41658,16905,38640
195,78487,12679,44073,17509,37433
196,216745,23547,135240,18716,47092
197,68827,11471,35621,18716,37432
198,78487,12075,41055,16905,36828
199,74865,16301,38640,14490,25357
200,79091,12075,39244,13886,24754
201,83921,12678,37432,13886,25961
202,81506,12679,39847,14490,22942
203,80902,12075,39847,13886,26565
204,79695,11471,42262,18113,36225
205,108674,16905,31395,25358,44074
206,81506,14490,40451,16301,35018
207,72450,10263,28376,14490,25961
208,70034,10263,29584,14490,24754
209,73657,10263,33206,14490,24150
210,70034,10867,34413,14490,24753
211,97807,13886,39848,14490,29583
212,94184,13283,40451,14490,33206
213,74261,10263,30791,15094,28376
214,70035,10868,30187,15697,28376
215,72450,10868,35018,15094,28377
216,74261,10264,35621,15094,28376
217,74864,9660,35018,15094,28376
218,74865,10263,35621,15094,27772
219,77883,10264,35621,15697,28376
220,100826,15698,39847,15697,30187
221,97807,16904,38640,15094,34414
222,78487,11471,36224,15094,26565
223,76072,10264,36225,15093,26565
224,77280,11471,36225,15698,28980
225,80298,12075,37432,15697,29583
226,106863,16301,38640,15698,36225
227,100222,16302,41055,15698,42866
228,102637,15698,42866,16301,39244
229,245121,11471,31999,19924,60978
230,86940,11471,35621,21131,29583
231,92977,16301,33809,15697,30791
232,85129,11471,39243,16302,30187
233,86939,11471,38036,15697,32603
234,85732,12678,39243,15697,27169
235,84525,12075,39848,16301,30791
236,87543,11471,39847,16905,28980
237,89958,12678,39243,16905,29583
238,85732,12679,39848,16301,28980
239,108071,21735,50111,19924,42866
240,161200,45885,45281,21734,54941
241,90562,17508,49507,17508,31395
242,120145,18716,38036,17509,42866
243,115316,18112,40451,18716,41055
244,97204,12679,42263,18112,30187
245,96600,12678,42866,17509,32602
246,95996,13283,42866,17509,33810
247,95996,12679,38036,16905,33206
248,100221,17508,38639,16904,36829
249,95391,13886,44073,17508,31999
250,102637,17509,39243,17508,38036
251,95392,12678,39847,17508,34413
252,99618,17509,39847,16905,36224
253,99014,18113,40451,17509,36829
254,100825,17508,39847,18113,36828
255,100826,16905,39847,18113,38640
256,103844,18113,39243,42262,109278
257,133428,16905,114108,33810,50111
258,132824,19319,63998,21735,109882
259,138862,19924,435905,23546,51318
260,108070,15094,47092,18112,42866
261,114108,14490,43469,17508,33207
262,133428,21131,47696,22339,42866
263,107467,15094,46488,18113,38036
264,108071,18716,44678,18716,31999
265,109278,19320,43470,18716,33810
266,105656,18112,42866,18716,33810
267,106863,19320,43470,18716,32602
268,146106,21735,89958,23546,38036
269,223990,38036,82713,25357,50715
270,630311,19320,150333,24150,51923
271,142484,20528,69430,23547,84525
272,141277,22339,70638,23546,107467
273,149126,21735,71242,22339,114712
274,150937,19923,73053,21131,103844
275,146106,21735,71846,22942,106260
276,150936,21131,70638,47092,80902
277,157578,24150,68827,51318,51318
278,151541,21735,70638,43470,82109
279,149730,23547,70639,47696,82109
280,159993,23546,69431,50111,88147
281,156370,23546,73657,41055,84524
282,151540,21735,72450,48903,86336
283,156974,23546,70638,50715,86939
284,157578,30187,80902,27772,91769
285,158182,25357,68827,55545,55544
286,170257,27772,127994,24150,37432
287,164219,25357,100825,25961,54338
288,177501,27772,130410,23546,37432
289,177501,27772,100826,27168,45281
290,174483,28376,124976,24150,35621
291,172068,29584,103844,26565,48903
292,178105,30187,132220,21131,38639
293,179313,25357,98411,26565,50715
294,255385,21735,81506,26565,56752
295,594086,22339,63394,21735,42262
296,179917,28376,76676,27168,51922
297,139465,18113,51922,21735,46488
298,152748,18716,54941,22339,50715
299,138862,18112,52526,20527,45885
300,141277,18716,52526,20527,47696
301,141276,18716,51922,21131,48903
302,143088,18716,53130,21131,49507
303,144899,18716,52526,22942,45885
304,149729,18112,54337,24150,48904
305,179917,25961,67619,24150,40451
306,141880,19924,55545,26565,49507
307,166634,18112,70639,25961,41054
308,147918,19320,58563,26565,47696
309,152144,18112,60374,27169,121957
310,144295,24149,55545,22339,42262
311,150332,19924,57356,24149,45281
312,179916,26565,71242,22339,41658
313,181728,20527,68827,25357,41658
314,154559,20527,61582,28980,50715
315,178106,20528,75468,24150,41055
316,156975,19924,64601,27168,50715
317,179916,19320,78487,22943,42262
318,155163,20528,63394,28376,50111
319,186558,20527,76676,23546,41055
320,158181,21735,68827,25357,48903
321,181727,19924,80902,22942,43469
322,160596,21131,66412,28376,57356
323,188973,24753,75468,22942,42262
324,166031,21132,69431,25357,50111
325,262630,30188,92373,25357,43470
326,254781,25961,76675,27772,70035
327,190784,21735,81506,23547,42866
328,170860,21131,77883,24754,47093
329,198028,27168,73053,24150,42866
330,168446,22339,74261,24150,50111
331,191992,24754,74865,22943,44073
332,170861,21132,78487,25961,46488
333,202255,28980,73657,23546,42866
334,210104,31395,74864,23546,44677
335,516204,35621,109882,31998,68827
336,820491,33206,105656,35017,77279
337,221575,35017,122560,31999,68827
338,220368,33810,138862,24150,45281
339,223386,56149,96599,24753,44677
340,236668,54941,110485,24753,45281
341,228216,58564,95392,24150,44677
342,240292,58563,75468,24753,44678
343,236064,59771,94788,24150,45281
344,229424,59167,109882,24754,44678
345,240292,57356,95392,25358,44678
346,241498,90562,74864,24753,43470
347,248744,57959,94788,24753,47092
348,231235,59167,109278,24754,52526
349,318174,32602,99014,24754,46488
350,248140,27169,155163,58563,45885
351,213123,27168,75468,24754,44678
352,193199,22943,86940,31395,45281
353,230027,28980,71845,25961,44073
354,183539,24753,86939,31395,44677
355,220367,30187,74864,25357,45885
356,201048,25358,92373,25358,47696
357,223386,29583,75468,25961,47695
358,195010,88147,254781,31395,76072
359,253574,32602,131617,34414,83317
360,251762,62186,85128,25961,46489
361,255989,38037,82714,25961,47696
362,212519,31999,101429,25961,48903
363,227612,27169,77280,25357,48299
364,204671,28376,94184,27169,47092
365,234254,31394,77883,26565,47696
366,201651,28376,96599,25358,48300
367,220971,35017,80298,25358,48300
368,207689,31395,93580,26565,45885
369,235461,31999,76072,26565,47696
370,213122,31998,94788,25358,49508
371,245725,31999,77280,26565,47696
372,207689,31999,95996,26565,52525
373,245121,33206,76675,27168,48904
374,211312,33206,142484,27168,50714
375,281346,38036,97203,36225,57960
376,245725,39244,78487,26565,49507
377,222783,36225,92977,27772,48903
378,252970,34414,76072,26565,49507
379,216745,33206,95996,26565,47696
380,245121,36224,80298,27773,50111
381,220971,37432,95392,41055,128598
382,217953,28980,88751,30188,71242
383,279535,41658,123164,27169,48904
384,254781,33206,80299,27772,50715
385,296440,35621,82109,27772,49507
386,314552,41055,80902,27772,50111
387,312137,35621,82713,27772,51318
388,318778,41055,82109,27772,51922
389,315759,39847,82714,28376,52526
390,233046,39243,101429,28376,51319
391,262027,31395,85128,28376,50714
392,230631,41055,93581,28376,50111
393,271686,33810,83317,27773,50715
394,236065,40451,94788,29583,54337
395,271083,33206,83317,27772,51923
396,246933,38640,94788,28376,51922
397,265044,34414,86335,27772,50111
398,245122,83920,121956,35621,69431
399,369493,38639,144899,35621,123164
400,279534,33810,86336,29583,52526
401,261422,33810,92977,27772,51922
402,278327,31998,86939,28376,52526
403,357418,56752,142485,35621,53733
404,236065,32603,113504,30187,78487
405,280742,35621,88147,29583,55545
406,252970,37432,98411,30188,52526
407,288590,30791,89958,28979,52526
408,251159,36828,95996,30188,53130
409,278931,33206,88147,30187,53129
410,282553,36828,101429,31395,54337
411,300063,32603,105656,30791,53733
412,252970,37432,98411,29584,53130
413,301874,34414,93581,31395,56148
414,275912,36828,100222,31395,55545
415,309722,34413,96600,31395,60375
416,289194,37432,96599,29583,52526
417,298855,32602,92977,30791,53734
418,296439,42866,95996,30791,54941
419,307307,33809,93581,30187,54338
420,265044,36225,95995,30791,54337
421,315155,35621,98411,37432,67016
422,342928,61582,100826,34413,73658
423,299458,34413,95996,31395,53734
424,281346,38640,98411,30187,57356
425,308515,37432,100222,31998,58563
426,263837,43469,108070,31394,57356
427,327835,35621,100221,33206,57960
428,288591,41659,111089,31998,54941
429,312740,35622,99014,31395,57356
430,316363,45885,107467,34413,62790
431,332061,35017,97807,31999,56148
432,282553,43470,99014,31394,54941
433,347154,36829,108675,35017,61582
434,323609,43469,100222,31998,59168
435,315760,36224,98410,31395,62186
436,322400,45281,109881,34414,62186
437,356211,35017,99618,31999,59168
438,297044,43470,102033,31999,56149
439,349569,39848,112297,35018,64601
440,322401,45281,100222,30791,58563
441,323608,35017,103845,30791,71846
442,318174,48299,124976,40451,87543
443,360437,47696,136446,39847,76676
444,453414,49507,149126,39848,87543
445,327230,39243,104448,33810,55545
446,292213,46489,104449,31998,59771
447,336286,38640,106259,32602,59771
448,318174,44073,109278,33810,61582
449,355607,39243,105656,31999,60374
450,312137,41658,106259,32603,59167
451,330249,35621,106260,33207,56752
452,318174,41054,106863,33206,59771
453,336890,38036,108071,33206,57960
454,318779,39243,108071,33206,64601
455,338702,37432,106260,33206,60374
456,310326,43470,108674,33207,60374
457,344135,39243,109278,34414,60979
458,345344,39243,113505,35018,69430
459,371908,38640,110485,32602,60978
460,321797,39847,109278,33810,60979
461,390021,44677,125579,38639,70035
462,344136,41054,114108,33206,60978
463,390624,41055,197425,42262,288591
464,356814,42866,114108,37432,81506
465,358021,45281,118938,35017,63997
466,319986,39243,114712,35017,62790
467,329042,41658,113504,33810,62186
468,360436,38640,114712,34414,76072
469,368286,48300,128598,39847,70638
470,391832,43470,118334,36225,64601
471,379756,42262,114712,35621,61582
472,347154,39244,116523,35621,66412
473,357418,41659,117127,35621,61582
474,367681,44677,126183,38640,67016
475,396661,41055,114108,35621,62186
476,336287,41659,115315,35621,61582
477,358022,42263,116523,35621,61582
478,386398,45281,127391,38036,65205
479,394851,42263,115919,35017,63997
480,348965,41658,118335,35017,64601
481,560276,62790,118938,36829,71845
482,342928,51922,124976,38036,66412
483,380360,42262,121353,36829,65204
484,373115,42866,121353,35621,65809
485,379153,47696,131617,38640,69430
486,405114,42263,121957,36225,63393
487,360436,43470,120750,36828,65205
488,384587,45281,120749,36225,79694
489,412359,54337,146711,43470,79091
490,442546,53129,140673,42262,80903
491,363456,44677,122561,36225,63997
492,373719,45281,122561,36224,63394
493,367681,42262,123164,36829,63394
494,374927,44677,125580,36225,63393
495,380361,47696,129202,38640,67620
496,414170,45281,126183,36829,63997
497,433490,45281,124372,36225,68223
498,1056557,80298,362852,52526,103844
499,441339,44677,159389,37433,66412
500,457640,47092,126787,38036,67016
501,700346,46489,128598,36828,67016
502,502317,69431,215537,50111,100222
503,507147,74864,224594,48904,99015
504,509562,68827,220971,49507,100825
505,507751,77279,229424,49507,100825
506,497487,73053,186557,38036,67620
507,407529,47696,132825,37433,67619
508,401492,47092,129806,38036,79695
509,434094,54337,145503,41659,72450
510,391831,48300,129806,37432,67015
511,541561,69431,158785,39847,70638
512,393038,46488,132824,38036,86939
513,414170,91166,187765,47696,92373
514,478771,49507,146107,41659,68223
515,390624,47092,134635,38640,68224
516,415981,48904,135843,38640,68223
517,389417,50111,135843,37433,67016
518,415378,50715,135842,38036,70638
519,390624,50111,137050,38640,66412
520,411151,50714,149729,47092,82714
521,472734,58563,166030,59167,84525
522,534920,65205,173879,48904,87543
523,527674,63997,199236,54941,97203
524,592275,72450,195010,55545,105052
525,550013,60374,164823,46489,82713
526,498091,50715,199236,48903,102637
527,447980,53130,140673,39244,71242
528,423227,51922,139465,39847,69431
529,423830,50111,160596,38639,71846
530,517411,65809,155767,41659,71846
531,413566,52526,155767,42866,75468
532,484808,57960,155767,45281,80903
533,461263,60374,163011,46489,82713
534,502921,59770,161201,45885,87543
535,469715,54941,156974,42866,85731
536,446772,52526,142484,39847,71846
537,427453,50715,145503,38639,70638
538,441338,52526,146107,39848,72450
539,492053,53130,144296,39847,73053
540,510770,53733,146106,39847,73657
541,515599,53130,148522,39243,72449
542,879659,54940,148522,42866,79091
543,529486,52526,182332,40451,71242
544,520430,54337,146710,39847,75469
545,769777,79091,199237,50111,170861
546,565107,81506,261422,56149,105656
547,566918,88751,257800,53129,105656
548,600124,85732,225197,51922,98411
549,578389,85128,265045,54941,112900
550,573560,91166,263234,53129,111693
551,583823,92373,263233,54337,113505
552,582616,88750,263234,54941,112297
553,602539,68223,237876,51922,257799
554,527675,58564,153352,41659,77884
555,536127,88147,269875,56148,115316
556,553635,55545,152748,41658,75469
557,532505,56752,266252,53130,86939
558,606161,69431,153352,41055,78488
559,466697,57356,154559,42263,74261
560,455225,57356,155163,42866,74261
561,472130,55544,157578,42262,76072
562,459451,56148,156974,41659,76676
563,473338,56752,155767,43470,74865
564,475149,57959,156370,41054,75468
565,480582,54941,158786,41658,77279
566,466093,57960,156370,42866,74864
567,486016,57960,160596,92374,121353
568,518619,59771,157578,42866,78487
569,485413,59167,158182,42262,76072
570,493864,62186,159992,42262,84525
571,459451,57356,160597,42866,75469
572,503524,63393,159389,41659,77883
573,469111,76676,234253,51318,105656
574,528278,60375,163012,41658,75468
575,498695,59771,161804,44074,77279
576,489035,61582,163615,42866,76072
577,504129,58563,162408,42866,77279
578,501713,60375,164219,42866,77883
579,494468,60979,165426,43469,78487
580,484205,59771,165427,42866,78487
581,514996,74261,181728,48300,83318
582,804794,74865,167238,45281,86939
583,493865,65205,181124,44677,79091
584,502921,62186,167842,43470,83921
585,487224,60978,167238,44074,79091
586,517411,60374,170256,43470,80902
587,508958,63393,169653,45281,77883
588,516807,64601,187765,46488,79091
589,637556,109882,168445,42263,79091
590,513788,63393,172067,45281,79694
591,507750,60375,172068,44677,76676
592,510166,64601,172671,44677,80298
593,503525,63393,173276,44074,79091
594,522240,62790,173879,44074,79695
595,504732,63997,173880,44677,78487
596,994371,65204,177501,52526,102034
597,608576,63393,173879,44677,81506
598,557862,63997,192595,47093,90562
599,537938,79090,191388,48904,87543
600,571748,70035,192595,49507,87544
601,561484,64601,176898,45280,80902
602,542768,64601,175086,44678,81505
603,636953,69431,177501,48300,88751
604,509562,63393,176294,45281,80298
605,548202,65204,176294,45884,82713
606,525863,67016,180521,46488,80902
607,553636,64600,179917,45885,80902
608,518619,67016,179917,45281,80902
609,604954,98411,256593,66412,132220
610,532504,64601,185954,45885,85128
611,567522,65808,181728,45885,79694
612,525260,69431,184143,46488,88750
613,549409,67016,180520,46489,83317
614,543372,67016,184746,47093,81505
615,559069,68223,182332,45281,80298
616,518015,65808,184143,45281,83920
617,565107,67016,185350,56752,88147
618,603143,71242,185350,48300,82713
619,591068,75468,218556,53130,95392
620,620651,67619,185954,47093,83318
621,559069,67620,187765,46489,81506
622,568730,71242,210708,85128,111089
623,582012,72449,188972,47092,95996
624,566919,67016,189577,46488,84525
625,567522,68224,213122,52526,94185
626,623670,79695,216745,54338,95392
627,626085,67620,188972,46489,82713
628,589257,73657,190784,48299,82714
629,586238,71242,188972,47696,84525
630,562088,69431,191991,47696,84525
631,633933,87544,242706,56752,136447
632,628500,73657,200444,50111,86940
633,601332,71846,193803,47092,84524
634,578389,70034,192595,47696,82110
635,777022,71846,216745,56752,97203
636,563295,71242,196821,47092,84525
637,592275,73054,196217,47696,85732
638,571144,73053,197425,47696,88751
639,598917,74865,196821,48300,85733
640,577182,73657,196217,47092,84524
641,603143,76072,195010,48904,84524
642,586238,88147,227612,56149,95392
643,674989,78487,220367,53130,94789
644,607973,72449,212519,57356,116523
645,665329,73053,198028,48904,86940
646,582012,71242,207689,48903,87543
647,615822,87543,237273,88751,108675
648,714836,85128,221575,53733,111090
649,589860,73053,199840,49507,83317
650,697931,73658,204670,49508,88751
651,676800,76072,202859,50111,92373
652,616425,71845,204066,50111,88147
653,591672,73657,204670,49507,86336
654,624274,77279,202859,48903,89354
655,609784,85128,223990,53733,94788
656,673178,78487,206481,50715,88147
657,641179,93581,211915,51319,106863
658,603143,80298,205877,50715,88751
659,757702,105656,223386,59167,108071
660,653858,74864,208293,50111,89958
661,617029,76073,209500,50715,90562
662,655065,81506,229424,55545,96599
663,647820,80298,208896,50111,94184
664,644197,79091,211915,50715,89958
665,612802,77883,210707,49507,91166
666,642990,90562,230632,55545,98411
667,654461,82714,211312,51319,89355
668,645405,82110,213726,51318,89958
669,604955,77280,214330,52526,89354
670,704572,77883,213123,53734,148522
671,690082,82109,316967,57356,101429
672,664122,80902,217952,51319,91770
673,636349,79694,216745,50111,89355
674,647217,79695,217349,50111,89959
675,631519,82109,217952,51318,96600
676,656273,79091,218556,52526,92373
677,657480,91166,249347,58563,103845
678,719062,82110,216745,50715,89958
679,625481,78487,220972,52526,92373
680,655669,86336,220367,52526,91166
681,654461,89958,239084,57960,100826
682,696120,82713,230631,56148,98410
683,1240095,96600,225802,53129,99618
684,804190,85128,220367,51922,104448
685,656273,81505,223990,51922,95392
686,674989,89958,241498,57356,101429
687,710006,80902,227009,51318,95392
688,680423,84525,223387,51922,95392
689,649631,82713,225802,53130,93581
690,718459,100825,268667,62186,113504
691,689479,83921,225197,53733,91166
692,687063,85732,223990,53733,93580
693,678612,97807,259611,61582,187765
694,729326,102637,230027,53733,94185
695,703968,86336,228820,53130,94185
696,676196,84524,231235,54338,93581
697,703968,87543,230027,52525,94788
698,659292,85128,230027,53129,94788
699,697931,86336,233650,53129,97807
700,676196,85732,231235,54338,95392
701,693101,86940,232443,52526,94184
702,668348,85128,233650,53130,95392
703,702157,89355,232443,53130,94185
704,687667,98410,368285,69431,137654
705,887508,89959,233650,55545,122561
706,725704,88751,234254,53130,94185
707,673178,95392,259008,59167,105052
708,763740,87543,238479,54337,96599
709,687667,88751,239083,54941,96600
710,735967,103240,271083,61583,108071
711,751665,88751,239084,53733,101429
712,725099,86939,239084,54338,98410
713,718459,93581,250555,55544,100825
714,735967,89355,236065,55545,99015
715,952712,131617,421415,77280,139465
716,712421,91769,243310,55544,104448
717,755287,89354,240895,54941,99618
718,703365,89958,242707,55545,97807
719,748042,93581,253574,56752,100826
720,713628,94185,244518,54941,96600
721,745628,90562,243310,54941,96600
722,723893,106260,279535,63997,113504
723,758910,91166,247536,55545,99015
724,720270,90562,247536,56149,99015
725,775210,95392,365267,74261,163616
726,727514,90562,249348,56148,100221
727,791512,123164,329646,68224,139465
728,699139,94185,249951,54941,97807
729,754683,99618,271082,60375,107467
730,772192,92977,250554,55545,102637
731,759513,98411,251762,56149,102637
732,818076,94788,249347,56149,99618
733,764344,91770,252970,55545,103844
734,730534,95392,251762,56148,100825
735,754683,93581,333268,69431,143088
736,837397,94184,254177,56752,123165
737,839207,94788,267460,56148,99618
738,1127195,102033,254178,56148,101430
739,770984,92977,254178,56752,103241
740,757702,91166,254781,57356,99015
741,767362,91770,256592,55545,97807
742,771589,105052,278931,62186,109278
743,778229,94789,257196,55545,98411
744,764947,97807,270479,60978,111693
745,869999,158785,431678,77884,152748
746,780644,99618,259007,57959,112297
747,752872,97203,258403,57960,103241
748,799964,92977,373115,68827,148522
749,761325,97203,263233,58564,100825
750,811435,98411,263837,57355,99618
751,819284,102033,271686,59167,105052
752,818077,97203,261423,57356,103240
753,777625,95996,262630,56752,105052
754,807813,96600,262630,59167,101430
755,1061990,132824,272290,61582,123164
756,847660,102637,267460,56753,125579
757,836189,100222,269875,59167,102637
758,807209,105052,280742,59771,108071
759,940034,104448,309722,59167,102636
760,835586,110486,279534,59771,111693
761,789701,106863,269875,57959,101430
762,867584,110486,290402,63997,114109
763,787286,100825,271082,60375,102033
764,838604,100826,269874,58564,105052
765,833171,102637,275309,61583,121956
766,797549,102637,271083,57959,108070
767,842830,100825,276516,59770,102637
768,793324,102637,275309,59771,103844
769,851886,114712,277724,59167,108070
770,783663,104448,274704,59167,102637
771,846453,99014,272290,60375,105656
772,792719,102637,275912,58563,100222
773,834378,102637,275308,59771,100826
774,977465,141277,319382,68827,123164
775,824114,103240,280138,60979,124372
776,842830,103241,278327,59771,111090
777,805398,101429,278931,59167,105052
778,845849,102033,280742,59771,105656
779,823511,107466,399680,71846,164219
780,811436,102636,289195,60375,102636
781,850679,106259,281950,57960,106863
782,824114,105655,282554,61582,105655
783,850075,106863,284364,59771,106864
784,1079499,154559,495072,78487,131013
785,848264,111089,286779,63393,119542
786,815662,110485,284969,60978,106260
787,863357,109882,284968,60978,109882
788,835585,105052,287987,59167,105052
789,866377,109882,315156,60374,108071
790,898978,107467,288591,60979,108070
791,875433,109278,288591,61582,108071
792,851283,104448,290402,60375,107466
793,976258,171464,478771,86336,156370
794,873622,114712,303685,65204,156370
795,900790,108674,292213,60979,109882
796,857320,114108,295836,60978,108071
797,898979,109882,292817,60978,111693
798,866980,112296,293421,61582,106863
799,942449,133428,342324,75468,161200
800,850075,113504,293421,61582,108070
801,908035,112297,292213,63394,109882
802,1013691,196822,562692,99618,187765
803,934600,114712,296439,63393,124372
804,858528,114108,296439,62186,108071
805,918299,109278,298855,61582,109279
806,883281,110486,298855,61582,108675
807,898375,115315,300666,62186,115315
808,887508,114711,301270,60978,109278
809,1019124,126787,300665,62186,112901
810,920110,112297,300666,62185,111693
811,971428,167842,318175,63998,115920
812,929769,114712,303685,65205,115316
813,901393,120145,318778,65808,115315
814,928563,117731,304892,62790,110485
815,889923,114712,306703,62790,111090
816,971429,132825,345946,71845,133428
817,884489,118335,309119,63394,115315
818,920110,116523,333872,64601,132221
819,933996,114712,309722,61582,111090
820,1366279,155163,354399,65205,114712
821,1054745,115919,309722,66412,131617
822,941241,117126,308515,63997,114712
823,929770,114108,310326,63393,113504
824,911054,122561,310929,62186,111089
825,1014898,144899,375530,76072,112901
826,942448,119541,323608,65809,115920
827,921921,115919,338098,63394,118335
828,1016106,118334,324816,72450,123768
829,1035426,124975,333269,70035,112297
830,980484,124372,327834,66412,118938
831,933392,121957,317570,63997,114108
832,956335,121354,317571,64600,113504
833,945467,119542,318174,63393,112901
834,958146,118334,316967,64601,115315
835,943656,117127,321193,64601,117127
836,952712,135239,320590,66412,150333
837,1322205,199840,458847,63393,126786
838,952108,126183,321193,67016,124976
839,975654,120146,323004,63393,117731
840,982296,132824,350777,71846,149125
841,959957,118334,325419,65205,117731
842,969013,124371,322401,65809,116523
843,973843,123768,324816,63997,113504
844,978674,140673,371304,74261,134636
845,1124176,150937,514996,82110,203462
846,937618,119542,332061,70035,138862
847,1013690,128598,342324,67619,133428
848,967202,125579,327230,65808,116523
849,982899,121353,325420,66412,118334
850,956938,122561,332061,63997,120146
851,1089762,151540,403907,65205,114712
852,1015502,130409,361040,72450,134032
853,981692,123165,635745,77883,126787
854,1109686,129201,403303,65808,114712
855,985918,128598,332061,66412,114108
856,981692,119542,335683,66413,119542
857,999804,129202,345947,69431,120146
858,1022747,124372,339306,67016,115315
859,970220,132220,351380,68223,117127
860,1021539,126183,338098,67015,117730
861,1023350,124371,519222,65809,155163
862,1052934,155163,449188,70639,160597
863,1014898,126183,336891,66412,120146
864,1026973,129202,338702,67016,116523
865,1018520,129806,356211,67016,124975
866,1022143,130409,342324,66412,118334
867,1057764,148521,406321,66413,117731
868,1082518,144295,371304,84524,117127
869,1107271,131013,393643,87543,131617
870,999200,131013,359833,103240,211311
871,1144703,128598,345343,68223,121353
872,1046293,133428,358022,67620,118938
873,1066820,129202,349569,68223,119542
874,1028180,131617,348361,68827,131013
875,1053537,130409,346551,67620,118938
876,1008861,132220,346550,69431,117127
877,1932593,401491,383379,68827,119541
878,1149533,133428,350173,74260,171464
879,1080103,134635,346550,67016,121353
880,1063198,132221,352588,68828,122561
881,1154968,151540,396058,68827,118938
882,1122969,141880,388209,68223,120145
883,1172476,157578,406925,68223,1295640
884,1104857,141276,391228,69431,97203
885,1075273,136447,354399,66412,96599
886,1091574,181124,470922,71242,113505
887,1072254,136447,356814,68827,97807
888,1054142,134031,358021,67619,96599
889,1186965,161805,409944,68827,95996
890,1100026,145503,380360,68223,97204
891,1209908,158786,496883,67619,103241
892,1078895,140673,387605,68827,102637
893,1089158,139466,361041,68827,99015
894,1115120,184142,478167,70638,116523
895,1081914,136447,364663,71845,98410
896,1097008,135843,361040,69431,98410
897,1107271,139465,364663,71845,99014
898,1097611,134032,364663,69431,100222
899,1212927,145503,370700,71846,100222
900,1119950,141880,377945,71242,100826
901,1124176,141277,367078,71242,109881
902,1080102,139466,455828,85732,163615
903,1120554,141880,366475,68827,124372
904,1115724,136446,369493,70034,125580
905,1092178,137050,368286,68827,124372
906,1101838,138258,371908,244518,199236
907,1305300,176294,371304,71846,124976
908,1235265,139465,372512,72449,125579
909,1193003,139465,374323,73657,205274
910,1149533,140070,416585,71846,130409
911,1346958,240292,527071,87543,131013
912,1375335,199236,583220,92977,451602
913,1197834,146710,397869,76073,118938
914,1458652,229424,641782,83317,103241
915,1225605,144899,606162,95392,150333
916,1252171,146711,380360,71846,102033
917,1587854,149125,412359,80902,104448
918,1241304,143088,379757,71242,100825
919,1999006,184143,380360,74261,148522
920,1610192,198028,588653,82109,180521
921,1480386,144296,394246,74865,105052
922,3256609,201048,638160,91770,152748
923,1391032,146107,385794,693705,413567
924,1599929,157578,391832,76072,104448
925,1188777,149126,383379,73657,100826
926,1153156,146107,380964,73053,102637
927,1174287,144295,388813,71846,103845
928,1193607,188369,475149,84525,103241
929,1149533,150937,388209,72450,103240
930,1143496,239687,494469,77279,111089
931,1183948,146106,390021,73053,103845
932,1238888,164220,425038,72449,103240
933,1268472,159993,411152,73657,104448
934,1174287,151541,391228,71846,103241
935,1185758,150333,394850,73054,102637
936,1225606,152748,394247,73657,108674
937,1180928,146107,464885,112297,140673
938,1219568,149126,396661,74261,103844
939,1182136,151541,396057,73657,103241
940,1199644,154559,396662,75469,104448
941,1203267,152748,396057,74865,102637
942,1226209,153352,399680,74261,103241
943,1177306,153955,531901,88751,148522
944,1203267,151540,563296,94788,140070
945,1203267,155767,401491,73657,110486
946,1170061,155766,398473,73053,103845
947,1215342,153352,400888,73053,103844
948,1217153,161200,427452,74865,103844
949,1354807,184143,425642,72449,104448
950,1194211,149729,402699,73657,105052
951,1375939,406925,512580,79695,112901
952,1209908,156975,437113,74261,105656
953,1235265,150937,408737,74864,112297
954,1217757,154559,405718,74864,105656
955,1219568,155163,406925,72450,106259
956,1240095,158182,408736,74261,105052
957,1214738,163012,420207,74865,105655
958,1244925,207085,688271,76072,108071
959,1210512,156974,432282,76072,105052
960,1258812,162408,411755,77280,105656
961,1317979,184746,440131,74865,106863
962,1235266,160596,415378,73657,106863
963,1221983,156371,415378,74865,106863
964,1229228,156975,414774,76676,105052
965,1415182,275913,576578,88147,107467
966,1243718,163616,415982,77884,108674
967,1272698,158786,418397,76676,108071
968,1251566,155767,419000,76676,108071
969,1261227,158182,419603,77280,106863
970,1306508,172068,443754,76675,112901
971,1319187,169049,416585,75468,108071
972,1490651,178709,598916,92373,128598
973,1366279,157578,425037,75468,108070
974,1271491,159993,422623,74260,107467
975,1271490,161200,425037,78487,108674
976,1288999,166634,426245,76676,106259
977,1337902,181124,443150,76072,107467
978,1296848,164220,569333,100222,134032
979,1322205,178709,599520,89354,135843
980,1293829,163011,436509,77884,110486
981,1352393,179313,451603,76675,108674
982,1302281,164823,428660,77280,108070
983,1302281,166030,429867,77280,108675
984,1279340,163616,426849,77883,107467
985,1389825,176898,429264,77280,109881
986,1330658,175087,554844,92373,187765
987,1267265,169653,430471,76676,110486
988,1412767,183539,432886,78487,109882
989,1278735,169049,434698,79091,109882
990,1312546,170257,438924,74864,108071
991,1302885,166031,466093,79695,126183
992,1335488,173275,461263,77883,111089
993,1388013,208897,516807,77279,110486
994,1296848,166030,440131,76675,109278
995,1356015,173275,438923,78487,109882
996,1331865,168445,439528,76676,109278
997,1345147,166030,442546,79090,109278
998,1470123,175690,439527,79695,109882
999,1319187,166634,457037,79091,109882
1000,1392240,226405,540353,80298,110486
1001,1301678,166634,444961,80298,110485
1002,1342129,172672,443753,79091,109882
1003,1355411,177501,448584,78487,115919
1004,1365071,176898,667140,122561,135239
1005,1366883,185954,446773,79694,111089
1006,1439936,187765,463074,79091,113504
1007,1547403,170256,453414,79091,111693
1008,1344544,172068,449188,77883,110486
1009,1383787,169653,452206,80298,112900
1010,1369901,179917,448583,80298,143088
1011,1327035,182935,476960,77883,117731
1012,1387410,173879,452810,81506,113504
1013,1351789,171464,603747,92977,161200
1014,1451406,176294,469715,80298,111693
1015,1322809,177501,455828,80902,111090
1016,1494273,216746,676800,105655,134032
1017,1430276,172068,583219,79695,111693
1018,1480990,210707,461262,80298,113504
1019,1412164,170256,458243,96599,152747
1020,1502725,179917,475752,80298,112297
1021,1432087,181728,464282,82110,111693
1022,1383184,178709,719666,83921,117731
1023,1409145,181124,462470,80902,111693
1024,1378957,178709,463073,80902,111090
1025,1367487,188972,465488,80902,112297
1026,1438125,179916,473337,83317,112900
1027,1360844,177502,465489,83921,117127
1028,1461067,181728,467903,106259,136447
1029,1406730,191992,466092,82109,114108
1030,1404918,178709,471526,79091,114712
1031,1429672,179313,494468,82109,114108
1032,1415785,178105,472130,92977,149729
1033,1519630,179916,472129,81505,114712
1034,1457445,183539,509562,87543,155766
1035,1446577,190180,470318,80298,115919
1036,1441143,182332,472130,80903,114108
1037,1471331,184746,500506,83316,115919
1038,1438728,179917,473337,81506,115919
1039,1635549,193802,476960,80299,116523
1040,1441143,178709,600728,81506,137050
1041,1470123,197425,476356,80298,115920
1042,1539554,196821,478771,81506,122560
1043,1464086,187161,482394,82714,116523
1044,1447180,179916,494469,83921,117127
1045,1538346,183539,524052,83317,117731
1046,1452614,215537,624877,83921,118334
1047,1496687,188369,479979,81506,117730
1048,1501518,184747,484809,82109,117730
1049,1614418,196822,481186,83317,117126
1050,1430880,187765,486620,82714,122561
1051,1531101,205274,523448,103844,153352
1052,1601740,184143,516204,80299,118938
1053,1506951,196218,500506,83317,118938
1054,1629512,195614,487827,82110,117731
1055,1450199,191992,490846,83921,118334
1056,1487632,193199,490846,82713,118335
1057,1480387,192595,490242,85128,118938
1058,1723696,240291,712421,82713,126183
1059,1648228,185954,517411,82109,118939
1060,1566723,207689,491450,84525,117730
1061,1488236,190784,511977,82713,120146
1062,1480991,188369,509562,83921,118938
1063,1521442,191992,509562,84525,117731
1064,2023155,209500,496280,82713,120750
1065,1482802,208896,497487,86336,124976
1066,1531102,187765,501110,84525,120145
1067,1492462,198633,501110,83317,126183
1068,1466500,188369,502921,85732,119542
1069,1554044,197426,502317,83317,120750
1070,3392452,196217,501714,86336,121353
1071,2098019,194406,502317,83921,121353
1072,1516612,193802,504732,85128,120750
1073,1598117,201048,530089,82713,126786
1074,1589062,206482,505336,84524,120750
1075,1645813,198029,558466,99015,135843
1076,1532309,191991,507147,83921,121354
1077,1528083,196218,509562,83921,121353
1078,1650039,210104,510769,88147,120749
1079,1600532,193198,510166,86940,121353
1080,1733356,307307,780645,84524,130410
1081,1566119,275913,512581,85732,120749
1082,1525668,197425,511977,84525,122560
1083,1545591,194406,511373,85129,121957
1084,1558270,194406,511373,86939,121353
1085,1672981,198633,512581,85732,121957
1086,1701358,195614,514996,87543,121353
1087,1593891,231839,518619,87543,148521
1088,1573968,208897,516203,85732,121957
1089,1550422,211312,520429,85128,122560
1090,1583627,198029,521637,87543,123165
1091,1589061,204670,754683,93580,141276
1092,1549214,201047,521637,85732,123164
1093,1616833,210104,572352,86336,124372
1094,1559477,206481,526467,86939,121956
1095,1659700,204067,525259,85128,137050
1096,1587250,202859,523448,86939,123165
1097,2210316,201651,543372,86940,125580
1098,1597514,212519,527674,86940,122560
1099,1755695,208292,528278,86336,123164
1100,1601136,202255,556050,86336,123768
1101,1599325,203463,525863,86940,123164
1102,1636757,307307,575370,108071,135844
1103,1622871,204670,530693,88751,124372
1104,1622267,205274,530694,86939,123164
1105,1706791,214934,535523,86940,123768
1106,1615022,205274,534920,89354,124976
1107,1659699,203462,547598,86336,124976
1108,1724904,209500,534919,88751,124372
1109,1767770,202859,537938,86940,131617
1110,1605362,220367,542164,85128,123165
1111,1799769,210104,537938,88147,124975
1112,1615022,208897,551824,89958,125579
1113,1660303,296440,569333,89959,125580
1114,1677812,212519,557862,87544,124372
1115,1749054,208896,542769,88147,123768
1116,1631324,205878,616425,100222,169652
1117,1627097,204066,544580,85129,123768
1118,1698943,207689,546995,97807,133428
1119,1872218,213122,545183,89354,126183
1120,1647625,223386,546391,89354,126183
1121,1680227,210707,549409,88751,125579
1122,1874030,217953,550013,90562,127391
1123,1877049,209500,566918,86940,130409
1124,1935008,211915,588653,89354,127391
1125,1704377,212519,556655,89355,126787
1126,1797354,213726,553032,89354,126787
1127,1685057,212519,556654,89354,156370
1128,1723093,217953,553032,88147,128598
1129,1918103,319382,573559,87543,126183
1130,1707999,211312,554843,89354,132221
1131,1673585,211915,559069,89958,124975
1132,1702566,215538,556051,89354,126183
1133,1701358,281346,674385,89354,126183
1134,1729734,481789,888111,112297,186558
1135,1869804,217953,562691,91769,127994
1136,1820900,209500,562088,91166,126787
1137,1844446,220971,562088,88751,131617
1138,1703773,222179,586238,92373,162408
1139,1923537,233650,582012,102033,128598
1140,1755695,214934,565107,90562,126183
1141,1688075,222178,563899,89958,134032
1142,1700754,226405,565710,89958,127390
1143,1747846,222783,568729,91769,126786
1144,1741205,220367,647217,93581,150936
1145,1753280,221575,567522,91166,127391
1146,1734564,225197,571748,91166,127994
1147,1788298,220368,569333,92373,126786
1148,1711018,236065,573559,92373,126184
1149,1729131,215538,603143,92373,548806
1150,1737583,229424,575974,89958,127995
1151,1788297,217349,576578,92373,133428
1152,1763544,228820,575371,94185,126183
1153,1765959,225197,578993,93581,126183
1154,1776223,224593,1040859,201048,175691
1155,1809428,216141,582615,89958,127995
1156,1750261,232443,583823,91165,128598
1157,1968214,224594,586841,92977,127994
1158,1757506,222782,582615,91166,132824
1159,1935612,332665,760117,92977,129805
1160,2162017,225198,579597,103240,130409
1161,1816070,227613,584427,91770,127995
1162,1854710,231234,595898,92373,129806
1163,1880067,231839,588049,91166,129201
1164,2002024,351984,702761,92977,137050
1165,2134244,232442,626085,92977,134636
1166,1944668,217952,594086,94184,129202
1167,1899387,230027,673781,97806,154559
1168,1835390,224594,593483,89958,129806
1169,2267672,339305,797549,107467,149126
1170,2084134,230631,595898,93580,132221
1171,1802183,232443,603746,94184,135842
1172,1806410,225197,592275,93580,131617
1173,1780448,228216,610992,91769,192595
1174,1994778,231235,677404,95392,241499
1175,2400496,228216,614614,95392,134032
1176,2109491,226405,600728,94788,157578
1177,1976062,235461,599521,92977,133428
1178,2386006,245121,600728,92374,141277
1179,1951309,239084,1144100,94788,132220
1180,2003835,232442,604350,94789,140069
1181,1989345,231839,601332,94788,134032
1182,2111906,396058,843434,94788,133428
1183,1983307,224593,645406,94184,134635
1184,2124585,246329,608577,95392,155767
1185,1942856,239687,607973,93580,133428
1186,1967006,231838,644197,95392,134635
1187,2582828,245121,656876,97203,135239
1188,2043682,338702,610388,94788,147314
1189,2341330,370097,639368,95392,134635
1190,2060587,234254,608577,95392,134032
1191,1991760,245725,617633,95392,142484
1192,1909650,233650,615218,95392,134032
1193,1880067,242706,615217,94788,133428
1194,2245334,233649,622463,94788,135240
1195,1891538,240895,618840,95996,135239
1196,2085944,243310,617633,92373,135240
1197,1898784,244517,621256,97203,134636
1198,1846861,242706,620048,94185,135239
1199,1903613,239084,623067,94184,134635
1200,1974855,240895,624877,94788,134636
1201,2318387,241499,628500,95392,136446
1202,1942857,239688,621859,95996,136446
1203,2147527,245121,624878,95996,137051
1204,2009872,251763,626085,94184,142485
1205,1987534,295232,641782,96600,138258
1206,1927763,249951,629708,97203,135843
1207,1883689,248744,627896,97807,136447
1208,1921726,249347,629104,95996,135239
1209,1948291,248140,629104,95995,136446
1210,2116736,278931,630916,95996,137654
1211,1997798,245725,634537,98411,137654
1212,1917499,242706,630311,96600,137050
1213,1939838,255385,635745,97807,137050
1214,1978478,255385,633934,97807,136447
1215,2133037,251159,636349,95996,153352
1216,1960969,255384,634538,96600,138258
1217,1974252,247537,641179,96599,143088
1218,1977874,248140,638160,96599,138258
1219,2032814,248140,834378,96600,139465
1220,2026174,262026,645406,100222,138258
1221,1989949,249348,645405,99014,137654
1222,1970026,246328,641178,97203,137050
1223,2049719,280742,643594,96600,143692
1224,2403515,249347,649028,99014,139466
1225,1981497,257800,652046,105052,138861
1226,1963988,246932,649028,97807,139466
1227,2000816,252970,657480,97203,140070
1228,2009269,252969,949090,143691,218557
1229,2111905,252970,666537,95996,141880
1230,1989949,251158,650235,98410,150333
1231,1980893,259008,651443,100222,140673
1232,2055758,262630,662310,99014,140069
1233,3155179,363455,654461,99014,140673
1234,2046701,253574,656272,99015,140673
1235,1995987,254178,664725,99618,139465
1236,1995986,250555,658084,97807,143088
1237,2384799,254781,692498,105052,142485
1238,2078096,257800,682837,98411,139466
1239,2116132,262026,661103,98411,140673
1240,2018325,250555,658084,100826,139466
1241,2065417,259007,769173,99618,147314
1242,2183148,347154,712421,100222,148521
1243,2086548,260819,672573,98411,141277
1244,2033419,261422,665933,99014,139466
1245,2070851,265045,666536,101429,141277
1246,2187978,312137,667744,102033,141881
1247,2133641,263837,670158,99619,141881
1248,2090171,255988,667744,98410,145503
1249,2061191,263838,671970,99618,141277
1250,2260427,268667,691893,101430,141277
1251,2095604,263838,699138,100222,142484
1252,2177714,264441,673781,100222,143691
1253,2054550,265649,672574,100222,142484
1254,2091378,255385,674385,100222,142485
1255,2363668,256593,676800,101430,149125
1256,2051531,341117,827133,100222,141880
1257,2078095,270479,680423,99618,1109686
1258,2108887,266856,682233,103845,143088
1259,2381177,275912,678611,99618,143692
1260,2104057,263838,681027,108071,188973
1261,2151149,275912,682234,100825,143692
1262,2109491,262026,686460,102033,142484
1263,2538151,269875,695516,101429,150333
1264,2138470,269271,685856,101429,141277
1265,2100434,284364,767362,100826,142484
1266,2162620,272893,689479,101429,141880
1267,2135451,301269,700346,103241,143088
1268,2168657,274704,691290,102637,144295
1269,2109490,271082,688875,100222,143691
1270,2286388,268063,691894,100826,149730
1271,2120359,274101,691893,115316,159993
1272,2181940,264441,694912,102033,144899
1273,2197034,276515,692498,102637,141881
1274,2128207,276516,700950,101429,143692
1275,2131830,268668,694308,103844,143088
1276,2308123,276516,696724,100825,150333
1277,2116735,275913,697327,101429,143088
1278,2335895,271686,696724,102033,142484
1279,2148734,267460,704572,102637,143692
1280,2256201,276516,697931,111089,144296
1281,2191600,289195,704572,100826,143088
1282,2172281,274705,702157,102637,150333
1283,2238089,358626,928563,118938,150936
1284,2720483,389417,770381,102637,143692
1285,2190996,280743,709403,102637,143692
1286,2162016,265044,709402,103241,145503
1287,2190997,276516,711818,237877,144296
1288,2456644,334476,728722,102033,150333
1289,2224203,280139,728119,100825,145503
1290,2155376,280138,714232,101430,146107
1291,2252579,280138,715439,105052,146107
1292,2554452,379152,734156,134635,145503
1293,2215750,268667,714232,102033,161201
1294,2142696,283157,714233,102637,151541
1295,3035034,476960,1281754,103844,201651
1296,3130427,281346,720874,104448,147918
1297,2260427,280139,719062,101430,146710
1298,2300275,292214,720270,104449,148522
1299,2175903,288591,717854,103845,144899
1300,3197442,408132,1064405,118938,202256
1301,2336500,288591,730533,106260,147314
1302,2267069,281346,726911,103241,147917
1303,2283974,284365,1113309,105051,146711
1304,2634146,291609,746231,104448,147918
1305,2232052,292213,725099,103241,148522
1306,2261031,291006,729326,103240,155162
1307,2230844,301873,906828,103241,147918
1308,2425250,305496,727514,105052,149125
1309,2207901,287384,733553,105052,149729
1310,2268879,287987,735967,103845,147918
1311,2256201,284365,1028785,108070,149125
1312,2274917,344740,764343,108071,154560
1313,2599733,286176,729930,102033,149729
1314,2246542,292817,736571,104449,149126
1315,2212127,298251,861546,115919,152144
1316,2282766,286176,783663,126183,199237
1317,2335292,297647,738382,105052,148522
1318,2294237,293421,744419,104448,149729
1319,2428269,286176,1528083,140069,218556
1320,2382384,283761,745627,106864,193199
1321,2415591,295836,741401,107467,150333
1322,2311142,307911,763135,105052,148522
1323,2347970,301270,749853,107467,158181
1324,2470531,283157,745024,105656,151541
1325,2439740,309118,748646,103844,152144
1326,2307519,292817,748042,104449,150333
1327,2504945,419000,751664,108070,152144
1328,2305708,290402,751665,107467,150333
1329,2498908,294629,749249,103241,158181
1330,2295445,289799,756495,106259,150937
1331,2451815,289194,758909,106863,152748
1332,2381176,294629,757098,108070,152748
1333,2820704,297647,795134,106864,152144
1334,2317180,301269,760721,107467,152144
1335,2566527,296440,769777,108674,161200
1336,2375139,294024,758305,107467,152748
1337,2419213,333268,780041,108674,152748
1338,2465098,296439,763739,106863,152748
1339,2606374,302477,763739,106259,153352
1340,2466305,300666,760721,108674,153351
1341,2378158,297044,813850,113504,192596
1342,2374536,286176,765551,106863,152144
1343,2553244,300063,769173,106863,152144
1344,2410761,295232,770985,105052,153352
1345,2387214,299459,764343,120145,163011
1346,2466909,297043,772796,414171,159993
1347,2574376,306100,774607,107467,154559
1348,2315368,299458,774607,108071,154559
1349,2542377,298251,825322,134636,199840
1350,2480794,466696,821095,108674,153955
1351,2389025,307911,775814,106260,153955
1352,2442759,307911,773399,107466,158181
1353,2375743,309118,775814,124975,202255
1354,2672183,303081,780041,111693,153956
1355,2499511,308515,778230,109882,154559
1356,2419213,297647,786682,109279,155163
1357,2203072,271082,699138,96600,137654
1358,2762141,309722,786078,108675,161804
1359,2288200,277119,702761,95996,137654
1360,2396874,307911,786682,108674,155767
1361,2245334,272893,784871,97203,137051
1362,2925756,274704,703365,94788,139465
1363,2408949,304289,789700,105656,156370
1364,2232655,274101,697932,95996,144899
1365,2466305,318174,787890,108675,155163
1366,2812251,334476,722685,97204,138861
1367,2384799,313949,795738,109882,156371
1368,2230843,277724,708195,98410,137654
1369,2504341,315156,795738,167842,222783
1370,2773008,313949,798153,111693,157577
1371,2207901,275309,709402,97807,139466
1372,2581017,313949,799360,106863,156974
1373,2656486,428056,872414,112900,157578
1374,2589469,316967,798757,112297,156371
1375,2226618,276516,712421,97203,145503
1376,2486228,316364,802983,111089,155163
1377,3245741,320590,805398,111693,158181
1378,3114125,455829,1318582,133428,213726
1379,2542377,312137,809625,108674,157577
1380,2613619,336891,716647,100826,146710
1381,2642599,318778,1023351,112297,158182
1382,2238693,282553,722081,99619,140069
1383,2549019,319382,810831,112901,156974
1384,2660107,322400,811436,110486,157578
1385,2312350,278327,865773,105052,162408
1386,2529699,331457,816266,112297,163011
1387,2340122,281950,728119,97203,140069
1388,2646221,326627,819284,114109,158785
1389,2305104,289798,942449,196821,234254
1390,2516416,317570,821095,110485,157578
1391,2463287,292213,1104856,111693,166634
1392,2590677,330250,821095,112297,158181
1393,2317784,356814,812643,97204,140673
1394,2555659,310929,820492,112900,158786
1395,2660107,334476,826529,112297,160596
1396,2622071,316967,822303,108071,158182
1397,2575583,338702,756494,100222,147314
1398,2556263,316363,828944,114108,159993
1399,3219780,326627,828340,112297,161200
1400,2413779,297043,735967,100222,140069
1401,2773008,326627,830755,109882,158181
1402,2319594,462470,1080103,109278,167841
1403,2390836,283761,737175,100222,142484
1404,2564715,323004,839812,114712,158181
1405,2706596,283761,740193,99015,143088
1406,2683654,322400,833775,114712,159993
1407,2608185,319382,833170,112297,159389
1408,2440947,295836,744419,122561,165427
1409,2560490,330250,842830,110486,161804
1410,2629316,333268,841019,114711,159993
1411,2670975,335683,842830,113504,161201
1412,2395063,289798,745024,164219,255385
1413,2873833,289798,853094,100826,150937
1414,2643203,341721,847660,112901,160596
1415,2415590,296440,783060,102637,141881
1416,2616034,333268,883281,118334,167841
1417,2870212,298251,757702,99618,144899
1418,2664334,345343,852490,112297,161804
1419,2668560,334476,885093,115315,165427
1420,2807421,635141,1055953,115919,163616
1421,2666749,339909,855509,115919,161804
1422,2698143,335683,861546,114712,160596
1423,2682446,333268,855509,115316,161805
1424,5134865,532504,1513592,152748,269271
1425,2717464,350777,856113,115316,162408
1426,2678220,343532,918298,120749,163616
1427,2884702,336287,858528,115919,163615
1428,2800780,339305,875433,115920,162408
1429,2649240,336286,862151,114712,164219
1430,2827345,340513,912865,117730,190784
1431,2847873,347154,875433,117126,164823
1432,2642599,343532,868188,115316,163011
1433,2779046,741401,890526,115919,164823
1434,3004847,362851,883885,115315,163615
1435,2746444,344136,869395,117126,169653
1436,2760933,350776,870603,114712,165427
1437,2887116,354399,872413,129202,208293
1438,2747047,342928,876037,115920,164823
1439,2682446,353192,875433,117730,164219
1440,3020544,341720,871206,117127,170861
1441,2806818,359229,947278,115315,165426
1442,2655881,348361,876036,114712,165426
1443,2684862,353796,1016106,118938,182332
1444,2732558,343531,883281,114108,165426
1445,2774215,352588,896564,117127,166030
1446,2716859,341117,881470,114711,170860
1447,3148539,346550,884489,117731,166635
1448,2753689,344135,929166,117731,168446
1449,2907040,355002,884489,114108,166031
1450,2850288,355607,894149,116523,165426
1451,2847269,348965,896564,105656,154559
1452,2929379,367682,890526,116523,167841
1453,2588262,319986,792719,103241,150333
1454,2933002,315760,790908,103844,150333
1455,2756103,351984,895357,114108,166030
1456,2960774,342325,806606,105656,154559
1457,2859948,345343,895356,119541,168445
1458,2652863,321797,797550,129806,149125
1459,2808025,354399,993766,126787,193803
1460,2925756,350777,1174891,117127,170860
1461,2847269,351984,900186,117127,173879
1462,2621468,312740,801775,106259,148522
1463,2969226,365267,899582,121353,169653
1464,3074881,358022,900790,119542,167238
1465,2651655,339910,825926,105052,150333
1466,2840024,357418,979880,144899,239084
1467,3138275,351984,908639,117731,175087
1468,2749462,321797,809625,104448,149729
1469,2945076,356211,909847,118938,169049
1470,2844251,643594,1267868,137654,230027
1471,2946887,313949,844038,105052,150333
1472,2622675,312740,809624,101429,155766
1473,2690899,301874,900186,120750,237273
1474,2737387,309118,812039,106863,151541
1475,2667352,356814,811436,106260,150937
1476,2721086,309118,819284,106260,150333
1477,3195027,326627,816265,107467,156974
1478,2608186,327835,813247,105052,151540
1479,2611204,329041,816265,104448,151541
1480,2623279,352588,1052330,131013,252366
1481,2770593,324816,819284,103844,150937
1482,2858136,371908,925543,121353,174483
1483,2643202,327834,822302,106259,152144
1484,2993979,380360,941844,127994,192595
1485,2643203,329646,822302,106259,152144
1486,2964999,358626,925544,124976,172068
1487,2814063,329646,828340,108675,159389
1488,3123785,367077,929166,118938,171464
1489,2760933,327835,826529,105655,150936
1490,2970434,358625,1191796,120145,171464
1491,2777234,509562,914072,105656,152748
1492,2917303,369493,935807,121956,172068
1493,2663730,328439,830152,107467,156974
1494,3356832,376738,935204,119542,173879
1495,3184160,367682,938222,121957,171464
1496,2791725,336891,834982,106864,152748
1497,3065825,370700,945468,121353,173276
1498,2887720,345343,838000,106863,159389
1499,2926963,372512,946675,121354,173879
1500,2879268,351381,839208,105052,152748
